sleeper_id,fantasypros_id,mfl_id,name,merge_name,position,team
13269,28013,17462,Fernando Mendoza,fernando mendoza,QB,LVR
13275,25368,17463,Ty Simpson,ty simpson,QB,LAR
13272,22953,17466,Carson Beck,carson beck,QB,ARI
13287,25403,17472,Jeremiyah Love,jeremiyah love,RB,ARI
13286,27329,17473,Jadarian Price,jadarian price,RB,SEA
13337,28107,17474,Emmett Johnson,emmett johnson,RB,KCC
13424,23079,17475,Seth McGowan,seth mcgowan,RB,IND
13288,24343,17476,Nicholas Singleton,nicholas singleton,RB,TEN
13345,27320,17477,Jonah Coleman,jonah coleman,RB,DEN
13405,24362,17478,Kaytron Allen,kaytron allen,RB,WAS
13347,28084,17481,Demond Claiborne,demond claiborne,RB,MIN
13305,28108,17482,Mike Washington Jr.,mike washington,RB,LVR
13414,28401,17485,Kaelon Black,kaelon black,RB,SFO
13348,28109,17487,J'Mari Taylor,jmari taylor,RB,JAC
13279,26009,17497,Carnell Tate,carnell tate,WR,TEN
13281,26035,17498,Jordyn Tyson,jordyn tyson,WR,NOS
13294,25420,17499,Makai Lemon,makai lemon,WR,PHI
13346,27339,17500,Denzel Boston,denzel boston,WR,CLE
13298,27331,17501,KC Concepcion,kc concepcion,WR,CLE
13276,28127,17502,Omar Cooper Jr.,omar cooper,WR,NYJ
13274,26039,17503,Germie Bernard,germie bernard,WR,PIT
13268,27463,17505,Elijah Sarratt,elijah sarratt,WR,BAL
13311,26038,17506,Chris Bell,chris bell,WR,MIA
13320,25419,17507,Zachariah Branch,zachariah branch,WR,ATL
13402,28126,17508,Skyler Bell,skyler bell,WR,BUF
13353,28047,17509,Chris Brazzell II,chris brazzell,WR,CAR
13285,27994,17511,Malachi Fields,malachi fields,WR,NYG
13301,25418,17512,Antonio Williams,antonio williams,WR,WAS
13417,28138,17514,De'Zhaun Stribling,dezhaun stribling,WR,SFO
13293,27337,17517,Ja'Kobi Lane,jakobi lane,WR,BAL
13413,28424,17518,Cyrus Allen,cyrus allen,WR,KCC
13317,28130,17520,Ted Hurst,ted hurst,WR,TBB
13330,26055,17543,Kenyon Sadiq,kenyon sadiq,TE,NYJ
13349,23144,17544,Eli Stowers,eli stowers,TE,PHI
13282,27501,17545,Jack Endries,jack endries,TE,CIN
13401,23167,17546,Michael Trigg,michael trigg,TE,DAL
13278,27993,17547,Max Klare,max klare,TE,LAR
13400,28079,17548,Justin Joly,justin joly,TE,MIA
13322,28161,17549,Sam Roush,sam roush,TE,CHI
13435,27312,17566,Joe Royer,joe royer,TE,CLE
13319,25430,17567,Oscar Delp,oscar delp,TE,NOS
13299,28427,17591,Nate Boerkircher,nate boerkircher,TE,JAC
13307,28157,17593,Marlin Klein,marlin klein,TE,HOU
13296,28135,17599,Caleb Douglas,caleb douglas,WR,MIA
13434,28403,17605,Will Kacmarek,will kacmarek,TE,MIA
13421,28154,17607,Eli Raridon,eli raridon,TE,NEP
13408,27499,17644,Tanner Koziol,tanner koziol,TE,JAC
13302,24367,17652,Adam Randall,adam randall,RB,BAL
13429,28163,17655,Seydou Traore,seydou traore,TE,MIA
13422,28160,17681,Jaren Kanak,jaren kanak,TE,TEN
13577,28352,17699,Dallen Bentley,dallen bentley,TE,DEN
13342,28158,17710,John Michael Gyllenborg,john michael gyllenborg,TE,KCC
13331,28159,17724,Dae'Quan Wright,daequan wright,TE,FA
12522,24755,17030,Cam Ward,cam ward,QB,TEN
12524,25968,17031,Shedeur Sanders,shedeur sanders,QB,CLE
12508,23160,17032,Jaxson Dart,jaxson dart,QB,NYG
12510,22884,17033,Jalen Milroe,jalen milroe,QB,SEA
12500,23680,17034,Quinn Ewers,quinn ewers,QB,JAC
12511,25972,17036,Will Howard,will howard,QB,PIT
12486,23150,17037,Dillon Gabriel,dillon gabriel,QB,CLE
12545,23096,17039,Tyler Shough,tyler shough,QB,NOS
12527,25989,17042,Ashton Jeanty,ashton jeanty,RB,LVR
12529,23065,17043,TreVeyon Henderson,treveyon henderson,RB,NEP
12507,25395,17044,Omarion Hampton,omarion hampton,RB,LAC
12481,27166,17045,Cam Skattebo,cam skattebo,RB,NYG
12476,23682,17046,Devin Neal,devin neal,RB,FA
12469,27102,17047,Dylan Sampson,dylan sampson,RB,CLE
12504,27165,17048,Kaleb Johnson,kaleb johnson,RB,GBP
12455,27259,17049,Brashard Smith,brashard smith,RB,KCC
12512,25391,17051,Quinshon Judkins,quinshon judkins,RB,CLE
12490,27297,17052,Bhayshul Tuten,bhayshul tuten,RB,JAC
12474,27520,17053,Woody Marks,woody marks,RB,HOU
12467,27310,17055,Jordan James,jordan james,RB,SFO
12531,25393,17056,Trevor Etienne,trevor etienne,RB,CAR
12543,26212,17058,Tahj Brooks,tahj brooks,RB,CIN
12495,25984,17059,Ollie Gordon,ollie gordon,RB,MIA
12471,27097,17060,DJ Giddens,dj giddens,RB,IND
12544,27285,17061,LeQuint Allen,lequint allen,RB,JAC
11569,24335,17064,Jarquez Hunter,jarquez hunter,RB,MIA
12534,27131,17066,Kyle Monangai,kyle monangai,RB,CHI
12489,27142,17068,RJ Harvey,rj harvey,RB,DEN
12457,24344,17069,Jaydon Blue,jaydon blue,RB,PHI
12519,27016,17070,Luther Burden,luther burden,WR,CHI
12526,25417,17071,Tetairoa McMillan,tetairoa mcmillan,WR,CAR
12509,26215,17072,Tre Harris,tre harris,WR,LAC
12499,27059,17073,Elic Ayomanor,elic ayomanor,WR,TEN
12530,26034,17074,Travis Hunter,travis hunter,WR,JAC
12501,26024,17075,Matthew Golden,matthew golden,WR,GBP
12503,24371,17076,Isaiah Bond,isaiah bond,WR,CLE
12483,27224,17078,Jack Bech,jack bech,WR,LVR
12485,27147,17079,Tez Johnson,tez johnson,WR,TBB
12536,27122,17080,Jaylin Noel,jaylin noel,WR,HOU
12514,23062,17081,Emeka Egbuka,emeka egbuka,WR,TBB
12492,27211,17082,Pat Bryant,pat bryant,WR,DEN
12484,27077,17083,Jayden Higgins,jayden higgins,WR,HOU
12505,27076,17086,Jalen Royals,jalen royals,WR,KCC
12541,27288,17087,Dont'e Thornton,donte thornton,WR,LVR
12497,26022,17098,Tory Horton,tory horton,WR,SEA
12493,25997,17099,Oronde Gadsden,oronde gadsden,TE,LAC
12518,26434,17102,Tyler Warren,tyler warren,TE,IND
12506,27050,17103,Harold Fannin,harold fannin,TE,CLE
12517,26006,17104,Colston Loveland,colston loveland,TE,CHI
12502,27109,17105,Gunnar Helm,gunnar helm,TE,TEN
12498,26005,17106,Mason Taylor,mason taylor,TE,NYJ
12487,23091,17107,Terrance Ferguson,terrance ferguson,TE,LAR
12521,23004,17108,Elijah Arroyo,elijah arroyo,TE,SEA
12473,27138,17109,Mitchell Evans,mitchell evans,TE,CAR
12547,27487,17134,Kyle Williams,kyle williams,WR,NEP
12535,27446,17157,Isaac TeSlaa,isaac teslaa,WR,DET
12540,27315,17171,Chimere Dike,chimere dike,WR,TEN
12641,27454,17184,Jaylin Lane,jaylin lane,WR,WAS
12533,27316,17256,Jacory Croskey-Merritt,jacory croskey-merritt,RB,WAS
11560,23084,16579,Caleb Williams,caleb williams,QB,CHI
11564,23046,16580,Drake Maye,drake maye,QB,NEP
11566,22902,16581,Jayden Daniels,jayden daniels,QB,WAS
11563,22910,16582,Bo Nix,bo nix,QB,DEN
11559,22973,16583,Michael Penix Jr.,michael penix,QB,ATL
11565,23018,16584,J.J. McCarthy,jj mccarthy,QB,MIN
11586,23013,16593,Blake Corum,blake corum,RB,LAR
11589,25388,16594,Trey Benson,trey benson,RB,ARI
11579,23054,16595,Audric Estime,audric estime,RB,FA
11576,24346,16596,Braelon Allen,braelon allen,RB,NYJ
11583,26148,16597,Jonathon Brooks,jonathon brooks,RB,CAR
11584,25981,16598,Bucky Irving,bucky irving,RB,TBB
11577,22930,16601,Will Shipley,will shipley,RB,PHI
11575,26191,16603,Ray Davis,ray davis,RB,BUF
11581,23118,16604,MarShawn Lloyd,marshawn lloyd,RB,GBP
12048,22915,16608,George Holani,george holani,RB,SEA
11643,25987,16610,Jaylen Wright,jaylen wright,RB,MIA
11628,23064,16614,Marvin Harrison Jr.,marvin harrison,WR,ARI
11632,25409,16615,Malik Nabers,malik nabers,WR,NYG
11620,25411,16616,Rome Odunze,rome odunze,WR,CHI
11637,26019,16617,Keon Coleman,keon coleman,WR,BUF
11631,23000,16618,Brian Thomas Jr.,brian thomas,WR,JAC
11627,23092,16619,Troy Franklin,troy franklin,WR,DEN
11624,23019,16620,Xavier Worthy,xavier worthy,WR,KCC
11638,26214,16622,Ricky Pearsall,ricky pearsall,WR,SFO
11625,24357,16626,Adonai Mitchell,adonai mitchell,WR,NYJ
11635,26122,16627,Ladd McConkey,ladd mcconkey,WR,LAC
11618,23179,16628,Jalen McMillan,jalen mcmillan,WR,TBB
11623,23135,16633,Jordan Whittington,jordan whittington,WR,LAR
11650,26328,16635,Luke McCaffrey,luke mccaffrey,WR,WAS
11626,26136,16639,Xavier Legette,xavier legette,WR,CAR
11604,22955,16641,Brock Bowers,brock bowers,TE,LVR
11599,25269,16642,Cade Stover,cade stover,TE,HOU
11600,24334,16643,Ja'Tavion Sanders,jatavion sanders,TE,CAR
11596,26310,16644,Ben Sinnott,ben sinnott,TE,WAS
11592,23837,16645,Erick All,erick all,TE,CIN
11597,23104,16649,Theo Johnson,theo johnson,TE,NYG
11610,26314,16684,Malik Washington,malik washington,WR,MIA
11651,26392,16688,Isaac Guerendo,isaac guerendo,RB,SFO
11603,26335,16723,AJ Barner,aj barner,TE,SEA
11570,25983,16746,Rasheen Ali,rasheen ali,RB,BAL
11655,22980,16747,Tyrone Tracy,tyrone tracy,RB,NYG
11571,25977,16752,Isaiah Davis,isaiah davis,RB,NYJ
11647,26355,16757,Kimani Vidal,kimani vidal,RB,LAC
11783,26398,16778,Ryan Flournoy,ryan flournoy,WR,DAL
11834,26409,16788,Devaughn Vele,devaughn vele,WR,NOS
11646,26403,16809,Jalen Coker,jalen coker,WR,CAR
9228,22900,16148,Bryce Young,bryce young,QB,CAR
9758,23071,16150,C.J. Stroud,cj stroud,QB,HOU
9229,24347,16152,Anthony Richardson,anthony richardson,QB,IND
9509,23133,16161,Bijan Robinson,bijan robinson,RB,ATL
9221,22968,16162,Jahmyr Gibbs,jahmyr gibbs,RB,DET
9225,22908,16164,Tank Bigsby,tank bigsby,RB,PHI
9508,25323,16165,Tyjae Spears,tyjae spears,RB,TEN
9506,23679,16166,Sean Tucker,sean tucker,RB,TBB
9226,23136,16167,De'Von Achane,devon achane,RB,MIA
9753,23152,16169,Zach Charbonnet,zach charbonnet,RB,SEA
9757,24360,16171,Kendre Miller,kendre miller,RB,NOS
10219,22986,16174,Chris Rodriguez,chris rodriguez,RB,JAC
10235,25322,16175,Roschon Johnson,roschon johnson,RB,CHI
9511,25360,16178,Keaton Mitchell,keaton mitchell,RB,LAC
9224,25324,16181,Chase Brown,chase brown,RB,CIN
10222,23020,16184,Jayden Reed,jayden reed,WR,GBP
9488,23070,16185,Jaxon Smith-Njigba,jaxon smith-njigba,WR,SEA
9756,23107,16186,Jordan Addison,jordan addison,WR,MIN
9500,24706,16187,Josh Downs,josh downs,WR,IND
9754,23123,16188,Quentin Johnston,quentin johnston,WR,LAC
9494,23080,16189,Marvin Mims,marvin mims,WR,DEN
9997,22916,16190,Zay Flowers,zay flowers,WR,BAL
10444,25287,16191,Cedric Tillman,cedric tillman,WR,NOS
9487,23106,16192,Parker Washington,parker washington,WR,JAC
9504,22989,16193,Kayshon Boutte,kayshon boutte,WR,HOU
10229,23113,16194,Rashee Rice,rashee rice,WR,KCC
9486,24354,16195,Dontayvion Wicks,dontayvion wicks,WR,PHI
9502,25361,16204,Tank Dell,tank dell,WR,HOU
10232,25333,16206,Michael Wilson,michael wilson,WR,ARI
10226,25335,16207,Andrei Iosivas,andrei iosivas,WR,CIN
9493,23180,16211,Puka Nacua,puka nacua,WR,LAR
9482,23056,16212,Michael Mayer,michael mayer,TE,LVR
10236,25247,16213,Dalton Kincaid,dalton kincaid,TE,BUF
10859,22978,16214,Sam LaPorta,sam laporta,TE,DET
9481,25282,16215,Luke Musgrave,luke musgrave,TE,GBP
9479,22967,16216,Darnell Washington,darnell washington,TE,PIT
9484,25298,16222,Tucker Kraft,tucker kraft,TE,GBP
9480,25345,16269,Brenton Strange,brenton strange,TE,JAC
10213,25337,16287,Tre Tucker,tre tucker,WR,LVR
9501,25304,16342,Demario Douglas,demario douglas,WR,NEP
11199,25654,16385,Emari Demercado,emari demercado,RB,DAL
11370,25823,16387,Chris Brooks,chris brooks,RB,GBP
11439,25876,16390,Jaleel McLaughlin,jaleel mclaughlin,RB,CLE
11435,25885,16432,Emanuel Wilson,emanuel wilson,RB,SEA
8161,23499,15694,Malik Willis,malik willis,QB,MIA
8183,19797,15698,Brock Purdy,brock purdy,QB,SFO
8155,22982,15708,Breece Hall,breece hall,RB,NYJ
8150,23059,15710,Kyren Williams,kyren williams,RB,LAR
8151,23021,15711,Kenneth Walker III,kenneth walker,RB,KCC
8132,24172,15712,Tyler Allgeier,tyler allgeier,RB,ARI
8143,22921,15713,Jerome Ford,jerome ford,RB,MIN
8138,22958,15715,James Cook,james cook,RB,BUF
8154,20094,15716,Brian Robinson,brian robinson,RB,ATL
8136,23891,15721,Rachaad White,rachaad white,RB,WAS
8800,24205,15738,Malik Davis,malik davis,RB,DAL
8228,24209,15742,Jaylen Warren,jaylen warren,RB,PIT
8205,24333,15749,Isiah Pacheco,isiah pacheco,RB,DET
8112,23163,15751,Drake London,drake london,WR,ATL
8146,23072,15753,Garrett Wilson,garrett wilson,WR,NYJ
8144,20111,15754,Chris Olave,chris olave,WR,NOS
8148,23677,15756,Jameson Williams,jameson williams,WR,DET
8126,22985,15757,Wan'Dale Robinson,wandale robinson,WR,TEN
8147,22895,15759,John Metchie,john metchie,WR,CAR
8134,23748,15761,Khalil Shakir,khalil shakir,WR,BUF
8137,22963,15762,George Pickens,george pickens,WR,DAL
8142,23791,15768,Alec Pierce,alec pierce,WR,IND
8125,23739,15777,Calvin Austin III,calvin austin,WR,NYG
8121,23794,15779,Romeo Doubs,romeo doubs,WR,NEP
8180,24177,15786,Jalen Nailor,jalen nailor,WR,LVR
8188,22913,15787,Tyquan Thornton,tyquan thornton,WR,KCC
8167,23886,15789,Christian Watson,christian watson,WR,GBP
8130,22936,15794,Trey McBride,trey mcbride,TE,ARI
8127,22756,15795,Charlie Kolar,charlie kolar,TE,LAC
8145,23742,15796,Jeremy Ruckert,jeremy ruckert,TE,NYJ
8172,23153,15797,Greg Dulcich,greg dulcich,TE,MIA
8131,23781,15798,Isaiah Likely,isaiah likely,TE,NYG
8110,22718,15799,Jake Ferguson,jake ferguson,TE,DAL
8111,23181,15802,Cade Otton,cade otton,TE,TBB
8210,23982,15889,Chigoziem Okonkwo,chigoziem okonkwo,TE,WAS
8408,22969,15972,Jordan Mason,jordan mason,RB,MIN
8698,24778,16036,Jake Tonges,jake tonges,TE,SFO
8676,24687,16080,Rashid Shaheed,rashid shaheed,WR,SEA
7523,19780,15237,Trevor Lawrence,trevor lawrence,QB,JAC
7591,19781,15238,Justin Fields,justin fields,QB,KCC
7527,20156,15241,Mac Jones,mac jones,QB,SFO
7543,19231,15253,Travis Etienne,travis etienne,RB,NOS
7528,19302,15254,Najee Harris,najee harris,RB,NYG
7567,23310,15255,Kenneth Gainwell,kenneth gainwell,RB,TBB
7588,22739,15256,Javonte Williams,javonte williams,RB,DAL
7611,22726,15259,Rhamondre Stevenson,rhamondre stevenson,RB,NEP
7594,19792,15261,Chuba Hubbard,chuba hubbard,RB,CAR
7564,19788,15281,Ja'Marr Chase,jamarr chase,WR,CIN
7525,19222,15282,DeVonta Smith,devonta smith,WR,PHI
7526,19790,15284,Jaylen Waddle,jaylen waddle,WR,DEN
7547,19799,15287,Amon-Ra St. Brown,amon-ra st brown,WR,DET
7569,20130,15290,Nico Collins,nico collins,WR,HOU
7571,19794,15293,Rashod Bateman,rashod bateman,WR,BAL
7670,22845,15319,Joshua Palmer,josh palmer,WR,BUF
7553,20164,15329,Kyle Pitts,kyle pitts,TE,ATL
7600,20163,15331,Pat Freiermuth,pat freiermuth,TE,PIT
6770,19196,14777,Joe Burrow,joe burrow,QB,CIN
6768,19198,14778,Tua Tagovailoa,tua tagovailoa,QB,ATL
6797,18635,14779,Justin Herbert,justin herbert,QB,LAC
6804,19246,14782,Jordan Love,jordan love,QB,GBP
6904,19275,14783,Jalen Hurts,jalen hurts,QB,PHI
6790,19210,14797,D'Andre Swift,dandre swift,RB,CHI
6806,19245,14800,J.K. Dobbins,jk dobbins,RB,DEN
6813,19217,14802,Jonathan Taylor,jonathan taylor,RB,IND
7021,19647,14823,Rico Dowdle,rico dowdle,RB,PIT
6786,19202,14832,CeeDee Lamb,ceedee lamb,WR,DAL
6783,19201,14833,Jerry Jeudy,jerry jeudy,WR,CLE
6801,19211,14835,Tee Higgins,tee higgins,WR,CIN
6794,19236,14836,Justin Jefferson,justin jefferson,WR,MIN
6803,19252,14840,Brandon Aiyuk,brandon aiyuk,WR,SFO
6819,19278,14842,Michael Pittman,michael pittman,WR,PIT
7049,19590,14860,Jauan Jennings,jauan jennings,WR,MIN
7002,19562,14861,Juwan Johnson,juwan johnson,TE,NOS
6826,19229,14867,Cole Kmet,cole kmet,TE,CHI
6865,19372,14871,Colby Parkinson,colby parkinson,TE,LAR
7090,19810,14974,Darnell Mooney,darnell mooney,WR,NYG
5849,18600,14056,Kyler Murray,kyler murray,QB,MIN
5870,18232,14059,Daniel Jones,daniel jones,QB,IND
5892,18239,14071,David Montgomery,david montgomery,RB,HOU
5850,18269,14073,Josh Jacobs,josh jacobs,RB,GBP
6130,18280,14080,Devin Singletary,devin singletary,RB,NYG
5967,18705,14085,Tony Pollard,tony pollard,RB,TEN
5995,18256,14086,Justice Hill,justice hill,RB,BAL
6039,18406,14095,Ty Johnson,ty johnson,RB,BUF
5846,18219,14102,DK Metcalf,dk metcalf,WR,PIT
5859,18218,14104,A.J. Brown,aj brown,WR,NEP
5848,18226,14105,Marquise Brown,marquise brown,WR,PHI
5927,18466,14109,Terry McLaurin,terry mclaurin,WR,WAS
6149,18706,14122,Darius Slayton,darius slayton,WR,IND
5947,18598,14127,Jakobi Meyers,jakobi meyers,WR,JAC
5872,18244,14136,Deebo Samuel,deebo samuel,WR,SFO
5857,17527,14137,Noah Fant,noah fant,TE,NOS
5844,18290,14138,T.J. Hockenson,tj hockenson,TE,MIN
5906,18631,14143,Dawson Knox,dawson knox,TE,BUF
5973,18487,14209,Josh Oliver,josh oliver,TE,MIN
4984,17298,13589,Josh Allen,josh allen,QB,BUF
4892,17237,13590,Baker Mayfield,baker mayfield,QB,TBB
4943,17236,13592,Sam Darnold,sam darnold,QB,SEA
4881,17233,13593,Lamar Jackson,lamar jackson,QB,BAL
4866,17240,13604,Saquon Barkley,saquon barkley,RB,PHI
4981,17258,13629,Calvin Ridley,calvin ridley,WR,TEN
5045,17253,13630,Courtland Sutton,courtland sutton,WR,DEN
4950,17268,13633,Christian Kirk,christian kirk,WR,SFO
4983,17265,13635,D.J. Moore,dj moore,WR,BUF
5012,17269,13671,Mark Andrews,mark andrews,TE,BAL
4993,17272,13672,Mike Gesicki,mike gesicki,TE,CIN
5022,17270,13674,Dallas Goedert,dallas goedert,TE,PHI
5001,17349,13772,Dalton Schultz,dalton schultz,TE,HOU
4017,16398,13113,Deshaun Watson,deshaun watson,QB,CLE
4046,16413,13116,Patrick Mahomes,patrick mahomes,QB,KCC
4034,16393,13130,Christian McCaffrey,christian mccaffrey,RB,SFO
4018,16420,13131,Joe Mixon,joe mixon,RB,FA
4035,16421,13132,Alvin Kamara,alvin kamara,RB,NOS
4147,16423,13133,Samaje Perine,samaje perine,RB,CIN
4137,16447,13146,James Conner,james conner,RB,ARI
4037,16406,13163,Chris Godwin,chris godwin,WR,TBB
4039,16433,13164,Cooper Kupp,cooper kupp,WR,SEA
4066,16411,13189,Evan Engram,evan engram,TE,DEN
4033,16399,13192,David Njoku,david njoku,TE,LAC
4177,16489,13289,Mack Hollins,mack hollins,WR,NEP
4217,16499,13299,George Kittle,george kittle,TE,SFO
4199,16673,13319,Aaron Jones,aaron jones,RB,MIN
3163,15501,12611,Jared Goff,jared goff,QB,DET
3257,15642,12616,Jacoby Brissett,jacoby brissett,QB,ARI
3294,15600,12620,Dak Prescott,dak prescott,QB,DAL
3198,15514,12626,Derrick Henry,derrick henry,RB,BAL
3214,15561,12676,Hunter Henry,hunter henry,TE,NEP
3202,15581,12677,Austin Hooper,austin hooper,TE,ATL
3271,15623,12678,Tyler Higbee,tyler higbee,TE,LAR
3321,15802,12801,Tyreek Hill,tyreek hill,WR,FA
2449,13981,12186,Stefon Diggs,stefon diggs,WR,WAS
2505,14104,12263,Darren Waller,darren waller,TE,CAR
2216,12119,11671,Mike Evans,mike evans,WR,SFO
2133,12123,11675,Davante Adams,davante adams,WR,LAR
1373,11687,11150,Geno Smith,geno smith,QB,NYJ
1479,11616,11222,Keenan Allen,keenan allen,WR,IND
1466,11594,11244,Travis Kelce,travis kelce,TE,KCC
1339,11689,11247,Zach Ertz,zach ertz,TE,PHI
1166,11177,10700,Kirk Cousins,kirk cousins,QB,LVR
421,9451,9431,Matthew Stafford,matthew stafford,QB,LAR
96,9001,7836,Aaron Rodgers,aaron rodgers,QB,PIT
