player,pos,team,age,draft_year,ecr_1qb,ecr_2qb,ecr_pos,value_1qb,value_2qb,scrape_date,fp_id
2026 Pick 1.01,PICK,NA,NA,NA,22.4225,16.65,NA,6199,7100,2026-09-25,NA
2026 Pick 1.02,PICK,NA,NA,NA,28.115,24.9525,NA,5423,5842,2026-09-25,NA
2026 Pick 1.03,PICK,NA,NA,NA,37,33.1275,NA,4401,4821,2026-09-25,NA
2027 Early 1st,PICK,NA,NA,NA,40.2350741275649,35.8900741275649,NA,4079,4517,2026-09-25,NA
2026 Pick 1.04,PICK,NA,NA,NA,45.74,41.1675,NA,3584,3991,2026-09-25,NA
2026 Pick 1.05,PICK,NA,NA,NA,54.32,49.0875,NA,2930,3313,2026-09-25,NA
2026 Pick 1.06,PICK,NA,NA,NA,62.745,56.87,NA,2403,2759,2026-09-25,NA
2026 Pick 1.07,PICK,NA,NA,NA,71.015,64.52,NA,1979,2305,2026-09-25,NA
2027 1st,PICK,NA,NA,NA,73.2096574608982,66.8600741275649,NA,1879,2182,2026-09-25,NA
2027 Mid 1st,PICK,NA,NA,NA,73.7219491275649,67.5469491275649,NA,1857,2147,2026-09-25,NA
2026 Pick 1.08,PICK,NA,NA,NA,79.145,72.0475,NA,1635,1931,2026-09-25,NA
2028 1st,PICK,NA,NA,NA,82.705127729588,76.3555443962547,NA,1504,1745,2026-09-25,NA
2026 Pick 1.09,PICK,NA,NA,NA,87.13,79.445,NA,1355,1623,2026-09-25,NA
2026 Pick 1.10,PICK,NA,NA,NA,94.975,86.7175,NA,1127,1368,2026-09-25,NA
2026 Pick 1.11,PICK,NA,NA,NA,102.68,93.8625,NA,940,1157,2026-09-25,NA
2027 Late 1st,PICK,NA,NA,NA,105.671949127565,97.1431991275649,NA,876,1071,2026-09-25,NA
2026 Pick 1.12,PICK,NA,NA,NA,110.24,100.885,NA,787,981,2026-09-25,NA
2026 Pick 2.01,PICK,NA,NA,NA,117.66,107.7825,NA,661,834,2026-09-25,NA
2026 Pick 2.02,PICK,NA,NA,NA,124.935,114.5525,NA,557,711,2026-09-25,NA
2026 Pick 2.03,PICK,NA,NA,NA,132.07,121.195,NA,471,609,2026-09-25,NA
2027 Early 2nd,PICK,NA,NA,NA,135.349449127565,124.725699127565,NA,436,560,2026-09-25,NA
2026 Pick 2.04,PICK,NA,NA,NA,139.07,127.71,NA,400,522,2026-09-25,NA
2026 Pick 2.05,PICK,NA,NA,NA,145.93,134.11,NA,340,449,2026-09-25,NA
2026 Pick 2.06,PICK,NA,NA,NA,152.665,140.395,NA,290,388,2026-09-25,NA
2026 Pick 2.07,PICK,NA,NA,NA,159.275,146.5575,NA,249,335,2026-09-25,NA
2027 2nd,PICK,NA,NA,NA,162.097782460898,149.695907460898,NA,233,311,2026-09-25,NA
2027 Mid 2nd,PICK,NA,NA,NA,162.820699127565,150.333199127565,NA,229,307,2026-09-25,NA
2026 Pick 2.08,PICK,NA,NA,NA,165.75,152.6075,NA,214,291,2026-09-25,NA
2028 2nd,PICK,NA,NA,NA,171.593252729588,159.191377729588,NA,186,249,2026-09-25,NA
2026 Pick 2.09,PICK,NA,NA,NA,172.065,158.525,NA,184,253,2026-09-25,NA
2026 Pick 2.10,PICK,NA,NA,NA,178.245,164.325,NA,159,221,2026-09-25,NA
2026 Pick 2.11,PICK,NA,NA,NA,184.295,170.0125,NA,138,193,2026-09-25,NA
2027 Late 2nd,PICK,NA,NA,NA,188.123199127565,174.028824127565,NA,126,176,2026-09-25,NA
2026 Pick 2.12,PICK,NA,NA,NA,190.225,175.59,NA,120,169,2026-09-25,NA
2026 Pick 3.01,PICK,NA,NA,NA,196.055,181.0525,NA,105,149,2026-09-25,NA
2026 Pick 3.02,PICK,NA,NA,NA,201.73,186.3475,NA,92,132,2026-09-25,NA
2026 Pick 3.03,PICK,NA,NA,NA,207.235,191.485,NA,81,117,2026-09-25,NA
2027 Early 3rd,PICK,NA,NA,NA,211.318199127565,195.759449127565,NA,73,106,2026-09-25,NA
2026 Pick 3.04,PICK,NA,NA,NA,212.59,196.49,NA,71,104,2026-09-25,NA
2026 Pick 3.05,PICK,NA,NA,NA,217.825,201.3875,NA,63,92,2026-09-25,NA
2026 Pick 3.06,PICK,NA,NA,NA,222.965,206.2075,NA,56,83,2026-09-25,NA
2026 Pick 3.07,PICK,NA,NA,NA,228.035,210.96,NA,49,74,2026-09-25,NA
2027 3rd,PICK,NA,NA,NA,231.937782460898,214.851324127565,NA,45,67,2026-09-25,NA
2027 Mid 3rd,PICK,NA,NA,NA,232.385699127565,215.454449127565,NA,45,66,2026-09-25,NA
2026 Pick 3.08,PICK,NA,NA,NA,233.055,215.6,NA,44,66,2026-09-25,NA
2026 Pick 3.09,PICK,NA,NA,NA,238,220.07,NA,39,60,2026-09-25,NA
2028 3rd,PICK,NA,NA,NA,241.433252729588,224.346794396255,NA,36,54,2026-09-25,NA
2026 Pick 3.10,PICK,NA,NA,NA,242.87,224.4125,NA,35,54,2026-09-25,NA
2026 Pick 3.11,PICK,NA,NA,NA,247.63,228.645,NA,31,49,2026-09-25,NA
2027 Late 3rd,PICK,NA,NA,NA,252.109449127565,233.340074127565,NA,28,44,2026-09-25,NA
2026 Pick 3.12,PICK,NA,NA,NA,252.275,232.57,NA,28,44,2026-09-25,NA
2026 Pick 4.01,PICK,NA,NA,NA,256.77,236.45,NA,25,41,2026-09-25,NA
2026 Pick 4.02,PICK,NA,NA,NA,261.1,240.3,NA,23,37,2026-09-25,NA
2026 Pick 4.03,PICK,NA,NA,NA,265.295,244.0925,NA,21,34,2026-09-25,NA
2026 Pick 4.04,PICK,NA,NA,NA,269.42,247.8125,NA,19,31,2026-09-25,NA
2027 Early 4th,PICK,NA,NA,NA,270.061949127565,249.079449127565,NA,18,30,2026-09-25,NA
2026 Pick 4.05,PICK,NA,NA,NA,273.465,251.46,NA,17,28,2026-09-25,NA
2026 Pick 4.06,PICK,NA,NA,NA,277.405,255.02,NA,15,26,2026-09-25,NA
2026 Pick 4.07,PICK,NA,NA,NA,281.215,258.475,NA,14,24,2026-09-25,NA
2026 Pick 4.08,PICK,NA,NA,NA,284.885,261.8275,NA,13,22,2026-09-25,NA
2027 4th,PICK,NA,NA,NA,285.491949127565,263.148407460898,NA,13,22,2026-09-25,NA
2027 Mid 4th,PICK,NA,NA,NA,286.158199127565,263.611324127565,NA,13,21,2026-09-25,NA
2026 Pick 4.09,PICK,NA,NA,NA,288.395,265.1075,NA,12,21,2026-09-25,NA
2026 Pick 4.10,PICK,NA,NA,NA,291.77,268.3075,NA,11,19,2026-09-25,NA
2028 4th,PICK,NA,NA,NA,294.987419396255,272.643877729588,NA,10,17,2026-09-25,NA
2026 Pick 4.11,PICK,NA,NA,NA,295.02,271.4375,NA,10,18,2026-09-25,NA
2026 Pick 4.12,PICK,NA,NA,NA,298.175,274.5025,NA,10,17,2026-09-25,NA
2027 Late 4th,PICK,NA,NA,NA,300.255699127565,276.754449127565,NA,9,16,2026-09-25,NA
2026 Pick 5.01,PICK,NA,NA,NA,301.24,277.51,NA,9,15,2026-09-25,NA
2026 Pick 5.02,PICK,NA,NA,NA,304.17,280.44,NA,8,14,2026-09-25,NA
2026 Pick 5.03,PICK,NA,NA,NA,306.93,283.29,NA,8,13,2026-09-25,NA
2026 Pick 5.04,PICK,NA,NA,NA,309.555,286.065,NA,7,13,2026-09-25,NA
2026 Pick 5.05,PICK,NA,NA,NA,312.08,288.785,NA,7,12,2026-09-25,NA
2027 Early 5th,PICK,NA,NA,NA,312.389449127565,288.741949127565,NA,7,12,2026-09-25,NA
2026 Pick 5.06,PICK,NA,NA,NA,314.545,291.4575,NA,6,11,2026-09-25,NA
2026 Pick 5.07,PICK,NA,NA,NA,316.98,294.0975,NA,6,10,2026-09-25,NA
2026 Pick 5.08,PICK,NA,NA,NA,319.325,296.6625,NA,6,10,2026-09-25,NA
2026 Pick 5.09,PICK,NA,NA,NA,321.52,299.1375,NA,5,9,2026-09-25,NA
2027 5th,PICK,NA,NA,NA,322.157365794232,299.340074127565,NA,5,9,2026-09-25,NA
2027 Mid 5th,PICK,NA,NA,NA,322.648199127565,299.666324127565,NA,5,9,2026-09-25,NA
2026 Pick 5.10,PICK,NA,NA,NA,323.585,301.5425,NA,5,9,2026-09-25,NA
2026 Pick 5.11,PICK,NA,NA,NA,325.545,303.8975,NA,5,8,2026-09-25,NA
2026 Pick 5.12,PICK,NA,NA,NA,327.425,306.2075,NA,5,8,2026-09-25,NA
2027 Late 5th,PICK,NA,NA,NA,331.434449127565,309.611949127565,NA,4,7,2026-09-25,NA
2028 5th,PICK,NA,NA,NA,331.652836062921,308.835544396255,NA,4,7,2026-09-25,NA
